{"parent":"minecraft:item/generated","textures":{"layer0":"item/bow"},
"overrides":[
    {"predicate":{"pulling": 0},"model":"item/custom/cui/bow/base"},
    {"predicate": {"pulling": 1}, "model": "item/custom/cui/bow/base_pulling_0"},
    {"predicate": {"pulling": 1, "pull": 0.65}, "model": "item/custom/cui/bow/base_pulling_1"},
    {"predicate": {"pulling": 1, "pull": 0.9}, "model": "item/custom/cui/bow/base_pulling_2"},
    {"predicate":{"custom_model_data":9},"model":"item/custom/cui/bow/model_9"},
    {"predicate": {"custom_model_data":9, "pulling": 1}, "model": "item/custom/cui/bow/model_9_pulling_0"},
    {"predicate": {"custom_model_data":9, "pulling": 1, "pull": 0.65}, "model": "item/custom/cui/bow/model_9_pulling_1"},
    {"predicate": {"custom_model_data":9, "pulling": 1, "pull": 0.9}, "model": "item/custom/cui/bow/model_9_pulling_2"}
]}