{
    "parent": "minecraft:item/handheld",
    "textures": {
        "layer0": "minecraft:item/netherite_sword"
    },
    "overrides": [
        {
            "predicate": {
                "custom_model_data": 10
            },
            "model": "item/custom/cui/netherite_sword/model_10"
        },
        {
            "predicate": {
                "custom_model_data": 11
            },
            "model": "item/custom/cui/netherite_sword/model_11"
        },
        {
            "predicate": {
                "custom_model_data": 12
            },
            "model": "item/custom/cui/netherite_sword/model_12"
        },
        {
            "predicate": {
                "custom_model_data": 14
            },
            "model": "item/custom/cui/netherite_sword/model_14"
        }
    ]
}