{
    "parent": "minecraft:item/handheld",
    "textures": {
        "layer0": "minecraft:item/netherite_axe"
    },
    "overrides": [
        {
            "predicate": {
                "custom_model_data": 50
            },
            "model": "item/custom/cui/netherite_axe/model_50"
        },
        {
            "predicate": {
                "custom_model_data": 51
            },
            "model": "item/custom/cui/netherite_axe/model_51"
        },
        {
            "predicate": {
                "custom_model_data": 100
            },
            "model": "item/custom/cui/netherite_axe/purple_knight_axe"
        }
    ]
}
